advanced	http://www.codingexplorer.com/execution-states-swift-ios-app	Execution States for a Swift iOS App		20141031
advanced	http://www.codingexplorer.com/swiftly-getting-human-readable-date-nsdateformatter	Swiftly getting a human-readable date with NSDateFormatter		20141222
advanced	http://www.ioscreator.com/tutorials/custom-collection-view-cell-tutorial-ios8-swift	Custom Collection View Cell Tutorial in iOS8		20141229
advanced	http://www.shrikar.com/blog/2014/12/28/swift-tutorial-corelocation-and-region-monitoring-in-ios-8	CoreLocation and Region Monitoring in iOS 8		20141228
advanced	http://www.shrikar.com/blog/2014/12/06/ios-app-as-a-money-making-machine-using-iad-app-monetization-technique	iOS App as a Money Making Machine Using iAd App Monetization Technique		20141206
advanced	http://www.shrikar.com/blog/2014/11/06/ios-app-development-upload-images-to-aws-s3	iOS App Development : Upload Images to AWS S3		20141106
advanced	http://sketchytech.blogspot.com/2014/12/swift-lets-talk-about-text-uilabel.html	Let's talk about text (UILabel, CATextLayer, UIView, CoreText, UITextView, UIWebView)		20141214
advanced	http://sketchytech.blogspot.com/2014/12/swift-notes-on-relative-positioning-and.html	Notes on the relative positioning and transformation of layers and sublayers (CALayer, frame, bounds, transform, position, Xcode)		20141210
advanced	http://sketchytech.blogspot.com/2014/12/the-inspiration-of-hexagons-for-drawing.html	The Inspiration of Hexagons for Drawing in 3D		20141205
advanced	http://2014.funswiftconf.com	2014 Functional Swift Conf	#functional	20141206
advanced	http://blog.human-friendly.com/how-i-handle-optionals-in-swift	How I Handle Optionals In Swift		20141220
advanced	http://blog.human-friendly.com/swift-optimisation-again-slides-from-swift-london-21st-october-2014	Swift Optimisation Again - Slides from Swift London 21st October 2014	#video	20141021
advanced	http://commandshift.co.uk/blog/2014/10/10/functional-functions	Functional Functions	#functional	20141012
advanced	http://corinnekrych.blogspot.com/2014/07/http-stubs-lets-go-swift-swizzling.html	Http Stubs: let's go Swift Swizzling!		20140730
advanced	http://developer.apple.com/swift/blog/?id=12	Optionals Case Study: valuesForKeys		20140826
advanced	http://developer.apple.com/swift/blog/?id=17	Failable Initializers		20141020
advanced	http://drewag.me/posts/practical-use-for-curried-functions-in-swift	Practical Use for Curried Functions in Swift	#functional	20140806
advanced	http://hugotunius.se/swift/ios/xcode/2014/08/19/custom-control-structures-in-swift.html	Custom Control Structures in Swift		20140819
advanced	http://jamesonquave.com/blog/core-data-in-swift-tutorial-part-1	Core Data in Swift Tutorial (Part 1)		20141006
advanced	http://jamesonquave.com/blog/core-data-in-swift-tutorial-part-2	Core Data in Swift Tutorial (Part 2)		20141015
advanced	http://jamesonquave.com/blog/core-data-in-swift-tutorial-part-3	Core Data in Swift Tutorial (Part 3)		20141030
advanced	http://jamesonquave.com/blog/core-data-migrations-swift-tutorial	Core Data Migrations Swift Tutorial		20141215
advanced	http://jamesonquave.com/blog/running-swift-scripts-from-the-command-line	Running Swift Scripts From The Command Line		20140619
advanced	http://java.dzone.com/articles/real-time-fluid-dynamics-swift	Real Time Fluid Dynamics in Swift for iOS		20140903
advanced	http://java.dzone.com/articles/swift-and-core-data-saving	swift-and-core-data-saving	#coredata	20141104
advanced	http://leverich.github.io/swiftislikescala	Swift is a lot like Scala		20010101
advanced	http://medium.com/@glenyi/cardano-triplets-in-swift-114692293795	Cardano Triplets in Swift		20140824
advanced	http://medium.com/swift-programming/facets-of-swift-part-5-custom-operators-1080bc78ccc	Facets of Swift, Part 5: Custom Operators		20141005
advanced	http://memkite.com/blog/2014/12/15/data-parallel-programming-with-metal-and-swift-for-iphoneipad-gpu	Data-Parallel Programming with Metal and Swift for iPhone/iPad GPU	#metal	20141215
advanced	http://memkite.com/blog/2014/12/18/gpgpu-performance-of-swiftmetal-vs-accelerate-on-iphone-6-5s-ipad-air-and-ipad-mini	GPGPU Performance of Swift/Metal vs Accelerate	#metal	20141218
advanced	http://mikeash.com/pyblog/friday-qa-2014-07-18-exploring-swift-memory-layout.html	Exploring Swift Memory Layout		20140718
advanced	http://mikeash.com/pyblog/friday-qa-2014-08-15-swift-name-mangling.html	Swift Name Mangling		20140808
advanced	http://natecook.com/blog/2014/10/loopy-random-enum-ideas	Loopy, Random Ideas for Extending 'enum'		20141008
advanced	http://nshipster.com/swift-default-protocol-implementations	Swift Default Protocol Implementations		20140902
advanced	http://rasic.info/bindings-generics-swift-and-mvvm	Bindings, Generics, Swift and MVVM		20141210
advanced	http://roadfiresoftware.com/2014/08/a-safer-approach-to-json-parsing-in-swift	A safer approach to JSON parsing in Swift		20140826
advanced	http://robots.thoughtbot.com/introduction-to-function-currying-in-swift	Introduction to Function Currying in Swift	#functional	20141211
advanced	http://robots.thoughtbot.com/using-the-dropbox-objectivec-api-in-swift	Using the Dropbox Objective-C API in Swift		20141208
advanced	http://sketchytech.blogspot.com/2014/12/swift-quiet-affair-of-fallible.html	The quiet affair of the failable initializer and the nil coalescing operator		20141216
advanced	http://www.cimgf.com/2014/11/05/swift-and-valueforkeypath-you-cant-keep-a-good-api-down	Swift And ValueForKeypath: You Can’t Keep A Good API Down!		20141105
advanced	http://www.codingexplorer.com/custom-operators-swift	Custom Operators		20141209
advanced	http://www.codingexplorer.com/swift-operator-overloading	Operator Overloading		20141013
advanced	http://www.ioscreator.com/tutorials/draw-gradients-core-graphics-ios8-swift	Draw Gradients with Core Graphics in iOS8 with Swift		20141029
advanced	http://www.iosmike.com/2014/08/unit-testing-viewcontrollers-in-swift.html	Unit Testing ViewControllers In Swift With IOS 8 And Xcode 6		20141018
advanced	http://www.jessesquires.com/swift-failable-initializers	Swift Failable Initializers		20141022
advanced	http://www.juliusparishy.com/articles/2014/12/14/adopting-map-reduce-in-swift	Adopting map() & reduce() in Swift	#functional	20010101
advanced	http://www.juliusparishy.com/articles/2014/12/5/variable-types-in-swift-for-objective-c-developers	Variable Types in Swift for Objective-C Developers		20010101
advanced	http://www.objc.io/snippets/1.html	Decomposing Arrays	#functional	20010101
advanced	http://www.objc.io/snippets/2.html	Function Composition	#functional	20010101
advanced	http://www.objc.io/snippets/3.html	Functional Quicksort	#functional	20010101
advanced	http://www.objc.io/snippets/4.html	Flattening and mapping arrays	#functional	20010101
advanced	http://www.objc.io/snippets/5.html	Reduce	#functional	20010101
advanced	http://www.objc.io/snippets/6.html	Currying	#functional	20010101
advanced	http://www.objc.io/snippets/7.html	Applicative Functors	#functional	20010101
advanced	http://www.objc.io/snippets/8.html	Wrapper Types		20010101
advanced	http://www.objc.io/snippets/9.html	Map for Optionals	#functional	20010101
advanced	http://www.objc.io/snippets/10.html	Permutations		20010101
advanced	http://www.objc.io/snippets/11.html	Lightweight API Wrappers		20010101
advanced	http://www.objc.io/snippets/12.html	Enums instead of Booleans		20010101
advanced	http://www.objc.io/snippets/13.html	Phantom Types		20150110
advanced	http://www.objc.io/snippets/14.html	Flattening and Mapping Optionals	#functional	20150114
advanced	http://www.objc.io/snippets/15.html	Combined pattern-matching	#functional	20150119
advanced	http://www.objc.io/snippets/16.html	Typed Notification Observers	#functional	20150126
advanced	http://www.objc.io/snippets/17.html	Caesar ciphers	#functional	20150202
advanced	http://www.olliewilliams.org/blog/2014/12/23/parsing-json	Parsing JSON		20141223
advanced	http://www.pumpmybicep.com/2014/06/24/resolving-arc-strong-reference-cycles-in-swift	Resolving ARC Strong Reference Cycles in Swift		20140624
advanced	http://www.raywenderlich.com/76341/use-nsoperation-nsoperationqueue-swift	NSOperation and NSOperationQueue Tutorial in Swift		20141209
advanced	http://www.raywenderlich.com/81399/ios-8-metal-tutorial-swift-moving-to-3d	iOS 8 Metal Tutorial with Swift Part 2: Moving to 3D	#metal	20141030
advanced	http://www.raywenderlich.com/86365/asyncdisplaykit-tutorial-achieving-60-fps-scrolling	AsyncDisplayKit Tutorial: Achieving 60 FPS scrolling		20141120
advanced	http://www.raywenderlich.com/87543/video-tutorial-introduction-cloudkit-series-introduction	Video Tutorial: Introduction to CloudKit Part 1: Series Introduction	#video	20141103
advanced	http://www.raywenderlich.com/88707/swift-functional-programming-matter-tech-talk-video	Swift, Functional Programming, and Does It Matter Tech Talk Video	#video:#functional	20141112
advanced	http://www.screaming.org/blog/2014/08/15/lets-build-a-browser-engine-in-swift	Let's Build a Browser Engine in Swift		20140815
advanced	http://www.screaming.org/blog/2014/08/22/toy-layout-engine-2	Let's Build a Browser Engine in Swift, Part 2		20140822
advanced	http://www.weheartswift.com/introduction-scenekit-part-1	Introduction To SceneKit – Part 1	#SceneKit	20141027
advanced	http://www.weheartswift.com/introduction-scenekit-part-2	Introduction To SceneKit – Part 2	#SceneKit	20141111
advanced	http://www.weheartswift.com/introduction-scenekit-part-3	Introduction To SceneKit – Part 3	#SceneKit	20141205
advanced	http://www.youtube.com/watch?v=_ZenKrXkj74	Functional Programming in Swift	#functional	20140911
libs	http://github.com/Alamofire/Alamofire	Elegant Networking in Swift		20010101
libs	http://github.com/ankurp/Dollar.swift	A functional tool-belt for Swift Language similar to Lo-Dash or Underscore in Javascript		20010101
libs	http://github.com/croath/UIImageView-BetterFace-Swift	UIImageView-BetterFace-Swift		20010101
libs	http://github.com/indragiek/SwiftAutoLayout	Tiny Swift DSL for Autolayout		20010101
libs	http://github.com/kylef/QueryKit	A simple CoreData query language for Swift		20010101
libs	http://github.com/lexrus/LTBouncyPlaceholder	A learning-by-doing UITextField extension		20010101
libs	http://github.com/lexrus/LTMorphingLabel	Cloning the original Morphing Label of iOS 8 introduced in WWDC 2014		20010101
libs	http://github.com/mattdonnelly/Swifter	Twitter Framework		20010101
libs	http://github.com/mattt/Euler	Swift Custom Operators for Mathematical Notation		20010101
libs	http://github.com/nghialv/Net	Http Request wrapper		20010101
libs	http://github.com/pkluz/PKHUD	Reimplementation of the Apple HUD (Volume, Ringer, Rotation,...		20010101
libs	http://github.com/practicalswift/Pythonic.swift	Pythonic Swift		20010101
libs	http://github.com/robb/Cartography	Declarative Auto Layout in Swift	#autolayout	20010101
libs	http://github.com/ryanfowler/SwiftData	SwiftData is a wrapper around the SQLite3 C API		20010101
libs	http://github.com/vikmeup/SCLAlertView-Swift	Beautiful animated Alert View		20010101
libs	http://www.cocoacontrols.com/controls/enswiftsidemenu	A simple side menu for iOS 8 written in Swift language. Using UIDynamics, UIGestures and UIBlurEffect.		20010101
libs	http://www.swifttoolbox.io	Community-supported catalog of iOS and OSX libraries		20010101
libs	http://github.com/Weebly/TableSchemer	Framework for building static interactive table views		20010101
libs	http://github.com/Ramotion/adaptive-tab-bar	Adaptive Tabbar		20010101
libs	http://github.com/ortuman/SwiftForms	Swift Forms		20010101
libs	http://github.com/haawa799/MipMaper/tree/master			20010101
libs	http://github.com/nghialv/MaterialKit			20010101
libs	http://www.appcoda.com/handoff			20010101
libs	http://github.com/lvnyk/BezierString#bezierstring			20010101
libs	http://github.com/jatoben/CommandLine			20010101
libs	http://github.com/github/swift-style-guide			20010101
libs	http://github.com/waynewbishop/swiftstructures			20010101
libs	http://github.com/Quick/Quick	Quick: The Swift (and Objective-C) testing framework		20010101
libs	http://github.com/jpsim/sourcekitten			20010101
libs	http://github.com/yichizhang/SwiftWithSanity			20010101
libs	http://github.com/uacaps/PageMenu			20010101
libs	http://github.com/zhxnlai/ZLBalancedFlowLayout/tree/master/ZLBalancedFlowLayoutDemo			20010101
beginner	http://itunes.apple.com/us/course/developing-ios-8-apps-swift/id961180099	Developing iOS 8 Apps with Swift - by Stanford	#video	20150126
beginner	http://learnxinyminutes.com/docs/swift	Learn X in Y minutes - Where X=swift		20010101
beginner	http://blog.teamtreehouse.com/an-absolute-beginners-guide-to-swift	An Absolute Beginner's Guide to Swift		20140609
beginner	http://www.raywenderlich.com/video-tutorials	Swift Series	#video	20140611
beginner	http://www.raywenderlich.com/74438/swift-tutorial-a-quick-start	Swift Tutorial: A Quick Start		20141218
beginner	http://www.raywenderlich.com/74904/swift-tutorial-part-2-simple-ios-app	Swift Tutorial Part 2 Simple iOS App		20140614
beginner	http://www.airpair.com/swift/building-swift-app-tutorial	Building an iOS application - Part 1		20140929
beginner	http://ios-blog.co.uk/tutorials/developing-ios-apps-using-swift-part-1	Developing iOS8 Apps Using Swift - Part 1 - Hello World		20140603
beginner	http://www.highoncoding.com/Articles/879_Introduction_to_Swift.aspx	Introduction to Swift		20010101
beginner	http://www.learnswift.tips	A curated list of helpful resources to learn Swift		20010101
beginner	http://www.brianjcoleman.com/tutorial-collection-view-using-swift	Tutorial: Collection View Using Swift		20140901
beginner	http://www.codingexplorer.com/arrays-swift	Arrays and their Methods in Swift		20140819
beginner	http://chris.eidhof.nl/posts/tuples-structs-enums.html	Tuples, Structs and Enums		20140829
beginner	http://developer.apple.com/swift/blog/?id=16	Building Your First Swift App	#video	20141007
beginner	http://developer.apple.com/swift/blog/?id=18	Introduction to the Swift REPL	#repl	20141111
beginner	http://www.youtube.com/watch?v=s9UBc6BAUTI	Swift in 40 Minutes	#video	20141223
beginner	http://www.raywenderlich.com/75601/learn-to-code-ios-apps-with-swift-tutorial-1	Learn to Code iOS Apps with Swift Tutorial 1: Welcome to Programming		20141113
beginner	http://www.raywenderlich.com/75919/learn-to-code-ios-apps-with-swift-tutorial-2	Learn to Code iOS Apps with Swift Tutorial 2: Your First Project		20141113
beginner	http://www.raywenderlich.com/76044/learn-to-code-ios-apps-with-swift-tutorial-3	Learn to Code iOS Apps with Swift Tutorial 3: Arrays, Objects, and Classes		20141113
beginner	http://www.raywenderlich.com/77176/learn-to-code-ios-apps-with-swift-tutorial-4	Learn To Code iOS Apps With Swift Tutorial 4: Your First App		20141113
beginner	http://www.raywenderlich.com/78264/learn-to-code-ios-apps-with-swift-tutorial-5	Learn To Code iOS Apps With Swift Tutorial 5: Making it Beautiful		20141113
beginner	http://www.raywenderlich.com/86167/ios-apprentice-updated-xcode-6-1	The iOS Apprentice		20141017
beginner	http://shrikar.com/blog/2014/12/23/learn-swift-by-building-a-tipster-iphone-app	Learn Swift by Building a Tipster Iphone App		20141223
playground	http://developer.apple.com/swift/blog/downloads/Balloons.zip	Balloons.playground		20010101
playground	http://github.com/nettlep/learn-swift	Learn Apple's Swift programming language interactively through these playgrounds		20010101
playground	http://developer.apple.com/swift/blog/?id=13	Patterns Playground		20010101
commercial	http://www.udemy.com/courses/search/?q=swift	Udemy Swift Courses	#video	20010101
commercial	http://www.objc.io/books	Functional Programming in Swift	#functional:#book	20010101
commercial	http://www.raywenderlich.com/87936/ios-games-tutorials-updated-xcode-6-1	iOS Games by Tutorials	#SpriteKit:#book	20010101
commercial	http://www.raywenderlich.com/87276/core-data-tutorials-updated-xcode-6-1	Core Data by Tutorials	#coredata:#book	20010101
commercial	http://www.raywenderlich.com/91518/ios-apprentice-third-edition-print-version-now-available	Swift by Tutorials	#book	20010101
tutorial	http://airspeedvelocity.net/2014/12/21/avoid-using-var-with-this-one-weird-trick	Avoid using var with this one weird trick		20141221
tutorial	http://allegrotech.io/swift-method-dispatching.html	Swift Method Dispatching		20141212
tutorial	http://austinzheng.com/2014/12/16/swift-enums	Enums in Swift		20141216
tutorial	http://austinzheng.com/2014/12/16/swift-pattern-matching-switch	Swift's pattern-matching switch statement		20141216
tutorial	http://blog.matthewcheok.com/design-teardown-stretchy-headers	Design Teardown: Stretchy Headers		20140924
tutorial	http://blog.sudeium.com/2014/12/10/swift-performance-too-slow-for-production	Swift Performance: Too Slow for Production		20141210
tutorial	http://blog.swiftcast.tv/the-swift-programming-language-solutions-to-experiments	The Swift Programming Language Solutions to Experiments		20140602
tutorial	http://blog.teamtreehouse.com/understanding-optionals-swift	Understanding Optionals		20140617
tutorial	http://code.tutsplus.com/tutorials/swift-from-scratch-collections-and-tuples--cms-22832	Swift from Scratch: Collections and Tuples		20141219
tutorial	http://code.tutsplus.com/tutorials/swift-from-scratch-variables-and-constants--cms-22828	Swift from Scratch: Variables and Constants		20141212
tutorial	http://designcode.io/swift-design	Design with Swift		20010101
tutorial	http://devmonologue.com/ios/swift/for-in-statements-indexes-swift	for-in Statements Indexes Swift		20140701
tutorial	http://flexmonkey.blogspot.co.uk/2014/10/metal-kernel-functions-compute-shaders.html?m=1	Metal Kernel Functions / Compute Shaders		20141019
tutorial	http://flexmonkey.blogspot.com/2014/12/scaling-resizing-and-orienting-images.html?m=1	Scaling, Resizing and Orienting Images to a Bounding Square		20141208
tutorial	http://github.com/ochococo/Design-Patterns-In-Swift	Design Patterns implemented in Swift		20010101
tutorial	http://github.com/rodionovd/SWRoute/wiki/Function-hooking-in-Swift	Function hooking in Swift		20140618
tutorial	http://jamesonquave.com/blog/taking-control-of-the-iphone-camera-in-ios-8-with-swift-part-1	Taking control of the iPhone camera in iOS 8 (Part 1)		20140825
tutorial	http://mathewsanders.com/animations-in-swift-part-two	Animations in Swift (PART II)		20140807
tutorial	http://mathewsanders.com/prototyping-iOS-iPhone-iPad-animations-in-swift	Prototyping iOS Animations in Swift		20140803
tutorial	http://medium.com/@santoshrajan/73fdf8507f4b	Learn Swift by running Scripts		20140612
tutorial	http://medium.com/swift-programming/how-to-create-an-angle-gradient-border-in-swift-f4856dde4c90	How to Create an Angle Gradient Border		20141023
#tutorial	http://medium.com/swift-programming/ios-swipe-view-with-swift-44fa83a2e078	iOS Swift: Swipe View		-20010101
tutorial	http://mikebuss.com/2014/06/22/lazy-initialization-swift	Lazy Initialization		20140622
tutorial	http://minutestomidnight.net/blog/2014/12/improving-swift-optional-unwrapping	Improving Swift Optional Unwrapping		20141212
tutorial	http://natashatherobot.com/swift-nsdecimalnumber	The Curious Case of NSDecimalNumber		20141030
tutorial	http://natashatherobot.com/swift-using-map-to-deal-with-optionals	Using Map to Deal with Optionals		20141128
tutorial	http://natashatherobot.com/xcode-6-add-image-assets-to-playground	XCode 6: How To Add Image Assets To Your Playground		20140927
tutorial	http://natecook.com/blog/2014/11/swifts-elusive-tilde-gt-operator	A Look At Swift's Elusive ~> Operator		20141125
tutorial	http://nomothetis.svbtle.com/error-handling-in-swift	Error Handling in Swift: Might and Magic		20140629
tutorial	http://nshipster.com/apple-pay	Pay		20141208
tutorial	http://nshipster.com/nsundomanager	NSUndo​Manager		20141215
tutorial	http://oleb.net/blog/2014/07/swift-instance-methods-curried-functions	Instance Methods are Curried Functions in Swift		20140628
tutorial	http://oleb.net/blog/2014/07/swift-strings	Swift Strings		20140825
tutorial	http://peterwitham.com/swift/basics/debugging-swift-xcode	Debugging Swift with Xcode		20140926
tutorial	http://peterwitham.com/swift/basics/first-swift-ios-application	Your First Swift iOS Application		20141014
tutorial	http://peterwitham.com/swift/basics/pass-data-between-ios-views	How to Pass Data Between iOS Views		20141211
tutorial	http://peterwitham.com/swift/intermediate/enumerations	Swift Enumerations – Intermediate		20141007
tutorial	http://practicalswift.com/2014/06/14/the-swift-standard-library-list-of-built-in-functions	Swift Standard Library: Documented and undocumented built-in functions		20140614
tutorial	http://realm.io/news/building-tableviews-swift-ios8	Building TableViews in Swift & iOS8	#video	20140924
tutorial	http://robb.is/working-on/a-hamburger-button-transition	A Hamburger Button Transition		20140703
tutorial	http://robots.thoughtbot.com/efficient-json-in-swift-with-functional-concepts-and-generics	Efficient JSON in Swift with Functional Concepts and Generics		20140806
tutorial	http://shrikar.com/blog/2014/12/27/xcode-6-tutorial-grouped-uitableview	Xcode 6 Tutorial : Grouped UITableView	#UITableView	20141227
tutorial	http://shrikar.com/blog/2014/09/30/how-to-build-a-trivia-app-using-swift-programming-language	How to Build a Trivia App Using Swift Programming Language		20140930
tutorial	http://shrikar.com/blog/2014/12/21/ios-swift-tutorial-uicollectionview-pinterest-layout	UICollectionView Pinterest Layout	#UICollectionView	20141221
tutorial	http://sketchytech.blogspot.co.uk/2014/11/the-power-of-hexagons-starting-from.html	The Power of Hexagons: Starting from scratch with 3D drawing in Swift (CAShapeLayer, CGPath)		20141118
tutorial	http://sketchytech.blogspot.com/2014/10/bytes-for-beginners-xor-encryption-and.html?m=1	Bytes for Beginners: XOR encryption and decryption (interactive example)		20141017
tutorial	http://sketchytech.blogspot.com/2014/11/swift-drawing-regular-polygons-with.html?m=1	Drawing Regular Polygons with CGPath, CGContext, UIBezierPath and CAShapeLayer		20141105
tutorial	http://sketchytech.blogspot.com/2014/11/swift-stars-in-our-paths-cgpath.html?m=1	Stars in our paths (Regular Polygons, CGPath, UIBezierPath, Playgrounds, iOS, Xcode)		20141113
tutorial	http://sketchytech.blogspot.com/2014/12/a-swift-perambulation-through-world-of.html?m=1	A Swift Perambulation through the World of CATransform3D: Translation, Rotation and Scaling (CALayer, iOS, Xcode)		20141201
tutorial	http://sketchytech.blogspot.com/2014/12/swift-lets-talk-about-text-uilabel.html?m=1	Swift: Let's talk about text (UILabel, CATextLayer, UIView, CoreText, UITextView, UIWebView)		20141214
tutorial	http://sketchytech.blogspot.com/2014/12/the-power-of-hexagons-cube-in-spin-with.html?m=1	The Power of Hexagons: Cube in a Spin		20141205
tutorial	http://swiftcast.tv/articles/getting-started-with-touch-id-in-swift	Touch ID in Swift		20140927
tutorial	http://swiftcast.tv/articles/the-design-of-types	The Design of Types		20141119
tutorial	http://swiftcast.tv/screencasts/create-an-animated-tabbar	Create an Animated TabBar		20141219
tutorial	http://jspha.com/posts/immutable_enumeration_in_swift/	Immutable Enumeration		20140730
tutorial	http://vimeo.com/107707576	NSSpain 2014: 'Swift and C' by Mike Ash	#video	20141001
tutorial	http://waynewbishop.com/swift/hashtables	Hash Tables		20010101
tutorial	http://waynewbishop.com/swift/tries	Tries		20010101
tutorial	http://weblog.invasivecode.com/post/90594294660/singletons-in-swift-in-this-post-i-will-to	Singletons in Swift		20010101
tutorial	http://www.andrewcbancroft.com/2014/10/15/rotate-animation-in-swift	Rotate Animation in Swift		20141015
tutorial	http://www.andrewcbancroft.com/2014/11/16/distinguishing-between-multiple-uiactionsheets-with-swift	Distinguishing Between Multiple UIActionSheets with Swift		20141116
tutorial	http://www.andrewcbancroft.com/2014/12/19/swift-unit-testing-resources	Swift Unit Testing Resources		20141219
tutorial	http://www.andrewcbancroft.com/2014/12/22/swift-unit-testing-verifying-method-calls	Swift Unit Testing – Verifying Method Calls		20141222
tutorial	http://www.appcoda.com/localization-tutorial-ios8	Working with Localization in iOS 8 and Xcode 6		20141106
tutorial	http://www.appdesignvault.com/custom-transition-slide-out-navigation	How to Create A Slide-Out Menu Navigation In Swift	#navigation	20141121
tutorial	http://www.bignerdranch.com/blog/discover-swift-with-this-one-weird-rubyist	Discover Swift with this One Weird Rubyist		20140812
tutorial	http://www.bignerdranch.com/blog/swift-access-control	Swift Access Control		20141211
tutorial	http://www.codingexplorer.com/generic-functions-in-swift	Generic Functions in Swift		20140811
tutorial	http://www.codingexplorer.com/nsdatecomponents-class-reference	NSDateComponents — Class Reference		20141114
tutorial	http://www.codingexplorer.com/nsuserdefaults-a-swift-introduction	NSUserDefaults		20141217
tutorial	http://www.codingexplorer.com/sharing-swift-app-uiactivityviewcontroller	Add sharing to your Swift app via UIActivityViewController		20141110
tutorial	http://www.infoq.com/articles/merry-swiftmas-from-infoq	Merry Swiftmas		20141220
tutorial	http://www.ioscreator.com/tutorials/add-rows-table-view-tutorial-ios8-swift	Add Rows to Table View Tutorial in iOS8		20141022
tutorial	http://www.ioscreator.com/tutorials/add-snap-behaviour-tutorial-ios8-swift	Add Snap Behaviour Tutorial in iOS8		20141121
tutorial	http://www.ioscreator.com/tutorials/collection-view-controller-tutorial-ios8-swift	Collection View Controller Tutorial in iOS8 with Swift		20141104
tutorial	http://www.ioscreator.com/tutorials/delete-rows-table-view-ios8-swift	Delete Rows from Table View in iOS8		20141008
tutorial	http://www.ioscreator.com/tutorials/detecting-long-press-gestures-tutorial-ios8-swift	Detecting Long-Press Gestures Tutorial in iOS8		20141203
tutorial	http://www.ioscreator.com/tutorials/move-sprites-accelerometer-spritekit-swift	Move Sprites with Accelerometer in Sprite Kit		20141211
tutorial	http://www.ioscreator.com/tutorials/pasteboard-tutorial-ios8-swift	PasteBoard Tutorial in iOS8		20141124
tutorial	http://www.ioscreator.com/tutorials/send-email-tutorial-ios8-swift	Send Email Tutorial in iOS8		20141215
tutorial	http://www.ioscreator.com/tutorials/swipe-table-view-cell-custom-actions-tutorial-ios8-swift	Swipe Table View Cell for Custom Actions Tutorial in iOS8		20141119
tutorial	http://www.ioscreator.com/tutorials/using-labels-spritekit-swift	Using Labels in SpriteKit		20141112
tutorial	http://www.johnmullins.info/blog/2014/08/13/building-a-simple-kamakazee-game-with-swift	How I Used Swift to Build a Simple Touch Game for iOS		20140813
tutorial	http://www.johnmullins.info/blog/2014/08/14/location-tracker-with-maps	How I Used Swift to Build a Map Based Location Tracker for iOS		20140813
tutorial	http://www.kornerstoane.com/2014/08/playing-with-swift-extensions	Playing with Swift Extensions		20140813
tutorial	http://www.makegameswith.us/gamernews/399/create-the-game-of-life-using-swift-and-spritekit	Game of Life	#SpriteKit	20140701
tutorial	http://www.mav3r1ck.com/uilongpressgesturerecognizer	LongPressGestureRecognizer		20141206
tutorial	http://www.mikeash.com/pyblog/friday-qa-2014-06-20-interesting-swift-features.html	Interesting Swift Features		20140620
tutorial	http://www.nottombrown.com/blog/2014/08/14/swift-for-rubyists-optionals	Swift for Rubyists: Optionals		20140814
tutorial	http://www.pumpmybicep.com/2014/07/02/uitableview-deleting-moving-and-viewing-rows	UITableView: Deleting, Moving, and Viewing Rows	#UITableView	20140702
tutorial	http://www.pumpmybicep.com/2014/07/22/implementing-core-data-nsmanagedobject-subclasses-in-swift	Implementing Core Data NSManagedObject Subclasses	#core-data	20140722
tutorial	http://www.raywenderlich.com/74138/swift-language-faq	Ray Wenderlich Swift Language FAQ	#reference	20140808
tutorial	http://www.raywenderlich.com/75270/make-game-like-candy-crush-with-swift-tutorial-part-1	Make Game Like Candy Crush with Swift Tutorial Part 1	#SpriteKit	20141017
tutorial	http://www.raywenderlich.com/75273/make-game-like-candy-crush-with-swift-tutorial-part-2	How to Make a Game Like Candy Crush with Swift Tutorial: Part 2		20141017
tutorial	http://www.raywenderlich.com/76020/using-uigesturerecognizer-with-swift-tutorial	Using UIGestureRecognizer with Swift Tutorial		20141210
tutorial	http://www.raywenderlich.com/76024/swift-table-view-animations-tutorial-drop-cards	Swift Table View Animations Tutorial: Drop-In Cards		20140806
tutorial	http://www.raywenderlich.com/76147/uikit-dynamics-tutorial-swift	UIKit Dynamics Tutorial in Swift	#uidynamics	20140724
tutorial	http://www.raywenderlich.com/83129/beginning-auto-layout-tutorial-swift-part-1	Beginning Auto Layout Tutorial in Swift: Part 1/2	#autolayout	20141217
tutorial	http://www.raywenderlich.com/83130/beginning-auto-layout-tutorial-swift-part-2	Beginning Auto Layout Tutorial in Swift: Part 2/2	#autolayout	20141217
tutorial	http://www.raywenderlich.com/86336/ios-8-healthkit-swift-getting-started	HealthKit Tutorial with Swift: Getting Started		20010101
tutorial	http://www.raywenderlich.com/86053/intermediate-design-patterns-in-swift	Intermediate Design Patterns in Swift		20010101
tutorial	http://www.raywenderlich.com/86477/introducing-ios-design-patterns-in-swift-part-1	Introducing iOS Design Patterns in Swift – Part 1/2		20010101
tutorial	http://www.raywenderlich.com/90773/introducing-ios-design-patterns-in-swift-part-2	Introducing iOS Design Patterns in Swift – Part 2/2		20010101
tutorial	http://www.raywenderlich.com/81879/storyboards-tutorial-swift-part-1	Storyboards Tutorial in Swift: Part 1		20010101
tutorial	http://www.raywenderlich.com/81880/storyboards-tutorial-swift-part-2	Storyboards Tutorial in Swift: Part 2		20010101
tutorial	http://www.raywenderlich.com/77488/ios-8-metal-tutorial-swift-getting-started	iOS 8 Metal Tutorial with Swift: Getting Started	#metal	20010101
tutorial	http://www.raywenderlich.com/86521/how-to-make-a-view-controller-transition-animation-like-in-the-ping-app	How To Make A View Controller Transition Animation Like in the Ping App	#navigation	20010101
tutorial	http://www.raywenderlich.com/81952/intro-object-oriented-design-swift-part-1	Intro to Object-Oriented Design in Swift: Part 1/2		20010101
tutorial	http://www.raywenderlich.com/81953/intro-object-oriented-design-swift-part-2	Intro to Object-Oriented Design in Swift: Part 2/2		20010101
tutorial	http://www.raywenderlich.com/78550/beginning-ios-collection-views-swift-part-1	Beginning iOS Collection Views in Swift: Part 1/2	#UICollectionView	20010101
tutorial	http://www.raywenderlich.com/78551/beginning-ios-collection-views-swift-part-2	Beginning iOS Collection Views in Swift: Part 2/2	#UICollectionView	20010101
tutorial	http://www.slideshare.net/giordano/a-swift-introduction-to-swift	A swift Introduction to Swift		20010101
tutorial	http://www.raywenderlich.com/85080/beginning-alamofire-tutorial	Beginning Alamofire Tutorial		20010101
tutorial	http://www.raywenderlich.com/87595/intermediate-alamofire-tutorial	Intermediate Alamofire Tutorial		20010101
tutorial	http://www.raywenderlich.com/77974/making-a-gesture-driven-to-do-list-app-like-clear-in-swift-part-1	Making a Gesture-Driven To-Do List App Like Clear in Swift: Part 1/2		20010101
tutorial	http://www.raywenderlich.com/77975/making-a-gesture-driven-to-do-list-app-like-clear-in-swift-part-2	Making a Gesture-Driven To-Do List App Like Clear in Swift: Part 2/2		20010101
tutorial	http://www.raywenderlich.com/82706/working-with-json-in-swift-tutorial	Working with JSON in Swift Tutorial		20010101
tutorial	http://www.raywenderlich.com/77981/make-letter-word-game-uikit-swift-part-1	How To Make a Letter / Word Game with UIKit and Swift: Part 1/3		20010101
tutorial	http://www.raywenderlich.com/77982/how-to-make-a-letter-word-game-with-uikit-and-swift-part-2	How To Make a Letter / Word Game with UIKit and Swift: Part 2/3		20010101
tutorial	http://www.raywenderlich.com/77983/make-letter-word-game-uikit-swift-part-33	How To Make a Letter / Word Game with UIKit and Swift: Part 3/3		20010101
tutorial	http://www.raywenderlich.com/76740/make-game-like-space-invaders-sprite-kit-and-swift-tutorial-part-1	How To Make a Game Like Space Invaders with Sprite Kit and Swift Tutorial: Part 1	#SpriteKit	20010101
tutorial	http://www.raywenderlich.com/76741/make-game-like-space-invaders-sprite-kit-and-swift-tutorial-part-2	How To Make a Game Like Space Invaders with Sprite Kit and Swift Tutorial: Part 2	#SpriteKit	20010101
tutorial	http://www.raywenderlich.com/81103/introduction-google-maps-ios-sdk-swift	Introduction to Google Maps iOS SDK in Swift		20010101
tutorial	http://www.raywenderlich.com/79764/custom-subscripting-swift-tutorial	Custom Subscripting in Swift Tutorial		20010101
tutorial	http://www.raywenderlich.com/82022/create-game-like-cut-the-rope-using-sprite-kit-swift	Create a Game Like Cut the Rope Using Sprite Kit and Swift		20010101
tutorial	http://www.raywenderlich.com/85578/first-core-data-app-using-swift	Your First Core Data App Using Swift		20010101
tutorial	http://www.raywenderlich.com/78568/create-slide-out-navigation-panel-swift	How to Create Your Own Slide-Out Navigation Panel in Swift		20010101
tutorial	http://www.raywenderlich.com/83748/beginning-scene-kit-tutorial	Beginning Scene Kit Tutorial	#SceneKit	20010101
tutorial	http://www.raywenderlich.com/80586/make-line-drawing-game-sprite-kit-swift	How to Make a Line Drawing Game with Sprite Kit and Swift	#SpriteKit	20010101
tutorial	http://www.raywenderlich.com/80917/sprite-kit-inverse-kinematics-swift	Sprite Kit and Inverse Kinematics with Swift	#SpriteKit	20010101
tutorial	http://www.raywenderlich.com/78629/how-to-make-a-waiting-game-like-farmville-with-sprite-kit-and-swift	How to Make a Waiting Game Like Farmville with Sprite Kit and Swift	#SpriteKit	20010101
tutorial	http://www.raywenderlich.com/84434/sprite-kit-swift-tutorial-beginners	Sprite Kit Swift Tutorial for Beginners	#SpriteKit	20010101
tutorial	http://www.raywenderlich.com/77092/text-kit-tutorial-swift	Text Kit Tutorial in Swift		20010101
tutorial	http://www.raywenderlich.com/84043/ios-8-visual-effects-tutorial	iOS 8 Visual Effects Tutorial		20010101
tutorial	http://www.raywenderlich.com/83809/ios-8-today-extension-tutorial	iOS 8 Today Extension Tutorial		20010101
tutorial	http://www.raywenderlich.com/83276/beginning-adaptive-layout-tutorial	Beginning Adaptive Layout Tutorial		20010101
tutorial	http://www.raywenderlich.com/76436/use-uiscrollview-scroll-zoom-content-swift	How To Use UIScrollView to Scroll and Zoom Content in Swift	#uiscrollview	20010101
tutorial	http://www.raywenderlich.com/80818/operator-overloading-in-swift-tutorial	Operator Overloading in Swift Tutorial		20010101
tutorial	http://www.raywenderlich.com/82599/swift-functional-programming-tutorial	Swift Functional Programming Tutorial	#functional	20010101
tutorial	http://www.raywenderlich.com/82572/swift-generics-tutorial	Swift Generics Tutorial	#generics	20010101
tutorial	http://www.raywenderlich.com/76735/using-nsurlprotocol-swift	Using NSURLProtocol with Swift		20010101
tutorial	http://www.raywenderlich.com/76433/how-to-make-a-custom-control-swift	How To Make a Custom Control in Swift		20010101
tutorial	http://www.raywenderlich.com/76718/card-game-mechanics-sprite-kit-swift	Card Game Mechanics in Sprite Kit with Swift		20010101
tutorial	http://www.raywenderlich.com/76519/add-table-view-search-swift	How to Add Table View Search in Swift	#UITableView	20010101
tutorial	http://www.raywenderlich.com/71872/how-to-make-game-music-for-beginners	How to Make Game Music for Beginners	#objc:#audio	20010101
tutorial	http://www.raywenderlich.com/76285/beginning-core-image-swift	Beginning Core Image in Swift	#coreimage	20010101
tutorial	http://www.raywenderlich.com/76200/basic-uiview-animation-swift-tutorial	Basic UIView Animation with Swift Tutorial		20010101
tutorial	http://www.raywenderlich.com/70208/opengl-es-pixel-shaders-tutorial	OpenGL ES Pixel Shaders Tutorial	#objc:opengl	20010101
tutorial	http://www.raywenderlich.com/74514/video-tutorial-introduction-swift-part-0-introduction	Video Tutorial: Introduction to Swift Part 0: Introduction	#video	20010101
tutorial	http://www.raywenderlich.com/74518/video-tutorial-introduction-swift-part-1-variables-constants	Video Tutorial: Introduction to Swift Part 1: Variables and Constants	#video	20010101
tutorial	http://www.raywenderlich.com/75041/video-tutorial-introduction-swift-part-2-strings	Video Tutorial: Introduction to Swift Part 2: Strings	#video	20010101
tutorial	http://www.raywenderlich.com/75148/video-tutorial-introduction-swift-part-3-arrays	Video Tutorial: Introduction to Swift Part 3: Arrays	#video	20010101
tutorial	http://www.raywenderlich.com/75545/video-tutorial-introduction-swift-part-4-dictionaries	Video Tutorial: Introduction to Swift Part 4: Dictionaries	#video	20010101
tutorial	http://www.raywenderlich.com/75578/video-tutorial-introduction-swift-part-5-control-flow	Video Tutorial: Introduction to Swift Part 5: Control Flow	#video	20010101
tutorial	http://www.raywenderlich.com/76260/video-tutorial-introduction-swift-part-6-functions	Video Tutorial: Introduction to Swift Part 6: Functions	#video	20010101
tutorial	http://www.raywenderlich.com/77048/video-tutorial-introduction-to-swift-part-7-classes	Video Tutorial: Introduction to Swift Part 7: Classes	#video	20010101
tutorial	http://www.raywenderlich.com/77878/video-tutorial-introduction-swift-part-8-tuples	Video Tutorial: Introduction to Swift Part 8: Tuples	#video:#tuples	20010101
tutorial	http://www.raywenderlich.com/75289/swift-tutorial-part-3-tuples-protocols-delegates-table-views	Swift Tutorial Part 3: Tuples, Protocols, Delegates, and Table Views		20010101
tutorial	http://www.raywenderlich.com/79850/collection-data-structures-swift	Collection Data Structures In Swift		20010101
tutorial	http://www.raywenderlich.com/82832/video-tutorial-ios-animations-introduction	Video Tutorial: iOS Animation with Swift: Introduction		20010101
tutorial	http://www.samuelmullen.com/2014/10/performance_testing_in_swift	Performance Testing in Xcode 6		20010101
tutorial	http://www.scottlogic.com/blog/2014/12/08/swift-optional-pyramids-of-doom.html	Tearing Down Swift's Optional Pyramid Of Doom		20010101
tutorial	http://www.strathweb.com/2014/06/using-swift-general-purpose-scripting-language	Using Swift As General Purpose Scripting Language		20010101
tutorial	http://www.sunsetlakesoftware.com/2014/06/30/exploring-swift-using-gpuimage	Exploring Swift using GPUImage		20010101
tutorial	http://www.sunsetlakesoftware.com/2014/12/02/why-were-rewriting-our-robotics-software-swift	Why We're Rewriting Our Robotics Software in Swift		20010101
tutorial	http://www.thinkandbuild.it/interactive-notifications-with-notification-actions	Interactive Notifications with Notification Actions		20010101
tutorial	http://www.weheartswift.com/birds-cats-dogs	Birds, Cats and Dogs		20141128
tutorial	http://www.weheartswift.com/drawing-with-text	Drawing with Text		20141019
tutorial	http://www.weheartswift.com/one-month-swift	One month of Swift		20140629
tutorial	http://www.weheartswift.com/random-pi	Random Pi		20141010
tutorial	http://www.weheartswift.com/swift-programming-scratch-100-exercises	Swift Programming from Scratch in 100 Exercises		20010101
sites	http://developer.apple.com/swift/blog	Apple Swift Blog		20010101
sites	http://developer.apple.com/swift/resources/	Apple Swift Resources		20010101
sites	http://thatthinginswift.com/	That Thing in Swift		20010101
source	http://developer.apple.com/library/prerelease/ios/samplecode/Adventure-Swift/Introduction/Intro.html	Adventure-Swift	#SpriteKit	20010101
source	http://github.com/acidstudios/WorldCupSwift	World Cup Swift		20010101
source	http://github.com/alikaragoz/Swifty-News	Swifty News		20010101
source	http://github.com/amitburst/HackerNews	Hacker News reader		20010101
source	http://github.com/austinzheng/swift-2048	Swift 2048		20010101
source	http://github.com/Dimillian/SwiftHN	A Hacker News reader in Swift		20010101
source	http://github.com/fullstackio/FlappySwift	Flappy Bird Clone	#SpriteKit	20010101
source	http://github.com/gscalzo/FlappySwift	Flappy Swift	#SpriteKit	20010101
source	http://github.com/gscalzo/RpnCalculatorKata	RPN Calculator		20010101
source	http://github.com/houseoflegend/SwirlingBalls	Swirling Balls		20010101
source	http://github.com/JakeLin/SwiftWeather	Swift Weather		20010101
source	http://github.com/kevinzhow/PNChart-Swift	PNChart-Swift		20010101
source	http://github.com/lingoer/SwiftyJSON	The better way to deal with JSON data in Swift		20010101
source	http://github.com/pNre/ExSwift	A set of Swift extensions for standard types and classes		20010101
source	http://github.com/sarchak/GameOfLife	Game of Life	#SpriteKit	20010101
source	http://github.com/soffes/clock-saver	Simple clock screensaver	#mac	20010101
source	http://github.com/TomCorwine/BigKeyboard-iOS	Swift implementation of a custom keyboard		20010101
source	http://github.com/voronianski-on-games/GameOfLifeSwift	Game of Life	#SpriteKit	20010101
source	http://github.com/tibo/SwiftRSS	Swift RSS		20010101
source	http://github.com/SonoPlot/SerialPortExample-Swift	Serial Port Example		20010101
tutorial	http://iosdeveloperzone.com/2014/10/13/swift-standard-library-generators-sequences-and-collections	Swift Standard Library: Generators, Sequences and Collections		20141014
tutorial	http://iosdeveloperzone.com/2014/10/22/taming-foundation-constants-into-swift-enums	Taming Foundation Constants into Swift Enums		20141022
tutorial	http://iosdeveloperzone.com/2014/10/15/swift-standard-libraries-sequence-and-collection-functions	Swift Standard Libraries: Sequence and Collection Functions		20141015
tutorial	http://iosdeveloperzone.com/2014/10/15/swift-parameter-labels	Swift Parameter Labels		20141015
tutorial	http://www.ioscreator.com/tutorials/uikit-dynamics-attachment-behaviour-tutorial-ios8-swift	UIKit Dynamics - Attachment Behaviour Tutorial in iOS8 with Swift		20141230
tutorial	http://memkite.com/blog/2014/12/30/example-of-sharing-memory-between-gpu-and-cpu-with-swift-and-metal-for-ios8	Example of Sharing Memory Between GPU and CPU with Swift and Metal for iOS8	#metal	20141230
tutorial	http://www.raywenderlich.com/84341/create-breakout-game-sprite-kit-swift	How To Create a Breakout Game with Sprite Kit and Swift	#SpriteKit	20141230
tutorial	http://www.knowstack.com/swift-ios-uitableview	Swift iOS UITableView	#UITableView	20141226
tutorial	http://www.knowstack.com/swift-ios-custom-uitableviewcell	Swift iOS Custom UITableViewCell	#UITableView	20141226
advanced	http://iosdeveloperzone.com/2014/10/07/swift-standard-library-transcode	Swift Standard Library: transcode		20141007
tutorial	http://iosdeveloperzone.com/2014/10/06/simplifying-autolayout-code-with-swift	Simplifying Autolayout Code with Swift	#autolayout	20141006
advanced	http://iosdeveloperzone.com/2014/10/03/using-commoncrypto-in-swift	Using CommonCrypto in Swift		20141003
advanced	http://www.screaming.org/blog/2014/09/09/toy-layout-engine-3	Let's Build a Browser Engine in Swift, Part 3		20140909
tutorial	http://sketchytech.blogspot.com/2014/12/swift-failing-with-class.html	Swift: Failing with Class (failable initializer, nil coalescing operator)		20141218
tutorial	http://mookid.dk/oncode/archives/3780	Playing with UIView shadows		20140616
tutorial	http://mookid.dk/oncode/archives/3815	Swift gesture recognizer that accepts a func		20140621
tutorial	http://mookid.dk/oncode/archives/3795	How to create a draggable cookie with Swift		20140621
tutorial	http://jamesonquave.com/blog/taking-control-of-the-iphone-camera-in-ios-8-with-swift-part-2	Taking control of the iPhone camera in iOS 8 with Swift (Part 2)		20140930
advanced	http://jamesonquave.com/blog/using-equatable-and-nilliteralconvertible-to-re-implement-optionals-in-swift-part-2	Using Equatable and NilLiteralConvertible to re-implement Optionals in Swift (Part 2)		20141206
advanced	http://jamesonquave.com/blog/re-implementing-optionals-using-swifts-powerful-enum-type	Re-implementing Optionals using Swift’s powerful enum type		20141206
tutorial	http://www.shrikar.com/blog/2014/11/24/ios-8-notifications-in-swift	iOS 8 Notifications		20141124
tutorial	http://www.shrikar.com/blog/2014/12/11/ios-sharing-with-uiactivityviewcontroller-in-swift	iOS Sharing With UIActivityViewController		20141211
tutorial	http://www.shrikar.com/blog/2014/11/18/ios-development-tutorial-visual-blur-with-uivisualeffectview	iOS Development Tutorial: Visual Blur With UIVisualEffectView		20141118
tutorial	http://peterwitham.com/swift/basics/auto-layout-constraints-basics	Auto Layout & Constraints – The Basics		20141028
tutorial	http://peterwitham.com/swift/intermediate/display-an-alert	Display an Alert or Action Sheet Using Swift in iOS 8		20141122
tutorial	http://www.ioscreator.com/tutorials/display-activity-indicator-status-bar-ios8-swift	Display Activity Indicator on Status Bar in iOS8 with Swift		20141202
tutorial	http://www.ioscreator.com/tutorials/attributed-strings-tutorial-ios8-swift	Attributed Strings Tutorial in iOS8 with Swift		20141208
tutorial	http://www.ioscreator.com/tutorials/customizing-header-footer-table-view-ios8-swift	Customizing Header and Footer of Table View in iOS8 with Swift		20141210
tutorial	http://www.ioscreator.com/tutorials/today-extensions-tutorial-ios8-swift	Today Extensions Tutorial in iOS8 with Swift		20141217
tutorial	http://www.ioscreator.com/tutorials/custom-fonts-interface-builder-tutorial-ios8-swift	Custom Fonts in Interface Builder Tutorial in iOS8 with Swift		20141222
tutorial	http://www.ioscreator.com/tutorials/prototype-cells-tableview-tutorial-ios8-swift	Prototype Cells in Tableview Tutorial in iOS8 with Swift		20140813
tutorial	http://www.ioscreator.com/tutorials/mapkit-tutorial-swift-ios8	MapKit Tutorial with Swift in iOS8		20140818
tutorial	http://www.ioscreator.com/tutorials/calculator-tutorial-in-ios8-with-swift	Calculator Tutorial in iOS8 with Swift		20140630
tutorial	http://www.ioscreator.com/tutorials/tableview-tutorial-in-ios8-with-swift	TableView Tutorial in iOS8 with Swift		20140623
tutorial	http://www.ioscreator.com/tutorials/display-date-date-picker-ios8-swift	Displaying Date with Date Picker in iOS8 with Swift		20140814
tutorial	http://www.ioscreator.com/tutorials/segmented-control-tutorial-ios8-swift	Segmented Control Tutorial in iOS8 with Swift		20140815
tutorial	http://www.ioscreator.com/tutorials/display-an-alert-view-in-ios8-with-swift	Display an Alert View in iOS8 with Swift		20140625
tutorial	http://www.ioscreator.com/tutorials/webview-tutorial-in-ios8-with-swift	Webview Tutorial in iOS8 with Swift		20140709
tutorial	http://www.ioscreator.com/tutorials/uiswitch-tutorial-in-ios8-with-swift	UISwitch Tutorial in iOS8 with Swift		20140721
tutorial	http://www.mav3r1ck.com/uitapgesturerecognizer	UITapGestureRecognizer		20141220
tutorial	http://natashatherobot.com/unit-test-optionals-swift	How To Unit Test With Optionals In Swift		20141225
tutorial	http://commandshift.co.uk/blog/2014/12/28/nice-web-services-swift-edition	Nice Web Services, Swift Edition		20141228
tutorial	http://www.mav3r1ck.com/clock	Swift Clock App		20141116
advanced	http://airspeedvelocity.net/2014/09/24/which-function-does-swift-call-part-2-single-arguments	Which function does Swift call? Part 2: Single_Arguments		20140924
advanced	http://airspeedvelocity.net/2014/10/07/which-function-does-swift-call-part-3-protocol-composition	Which function does Swift call? Part 3: Protocol_Composition		20141007
advanced	http://airspeedvelocity.net/2014/10/26/which-function-does-swift-call-part-4-generics	Which function does Swift call? Part 4:_Generics		20141026
advanced	http://airspeedvelocity.net/2014/11/10/which-function-does-swift-call-part-5-range-vs-interval	Which function does Swift call? Part 5: Range vs_Interval		20141110
advanced	http://airspeedvelocity.net/2014/11/16/which-function-does-swift-call-part-6-tinkering-with-priorities	Which function does Swift call? Part 6: Tinkering with_priorities		20141116
advanced	http://airspeedvelocity.net/2014/11/27/running-totals-and-force-unwraps	Running Totals and Force_Unwraps		20141127
advanced	http://airspeedvelocity.net/2014/12/05/zipwith-pipe-forward-and-treating-functions-like-objects	zipWith, pipe forward, and treating functions like_objects		20141205
advanced	http://nomothetis.svbtle.com/the-culmination-i	The Culmination: Part I		20140826
advanced	http://nomothetis.svbtle.com/the-culmination-part-ii	The Culmination: Part II		20140828
advanced	http://nomothetis.svbtle.com/the-culmination-final-part	The Culmination: Final Part		20140830
advanced	http://nomothetis.svbtle.com/clean-regular-expressions-using-conversions	Clean Regular Expressions In Swift		20140727
advanced	http://nomothetis.svbtle.com/optionals-if-we-must	Optionals? If We Must		20140721
advanced	http://nomothetis.svbtle.com/understanding-optional-chaining	Understanding Optional Chaining		20140730
advanced	http://nomothetis.svbtle.com/implicitly-unwrapped-optionals-in-depth	Implicitly Unwrapped Optionals In Depth		20140801
advanced	http://nomothetis.svbtle.com/third-monad-law-derivation	Addendum: Deriving the Third Monad Law From Nested Comprehensions		20140801
advanced	http://nomothetis.svbtle.com/swift-for-scripting	Swift for Scripting		20141009
tutorial	http://flexmonkey.blogspot.com/2014/11/improved-interaction-design-for.html	Improved Interaction Design for Deleting Items with Swift and Core Data		20141116
advanced	http://flexmonkey.blogspot.com/2014/10/swift-metal-1000-reaction-diffusion.html	Swift & Metal: 1,000 Reaction Diffusion Solver Iterations per Second		20141026
advanced	http://flexmonkey.blogspot.com/2014/11/swift-and-core-data-saving-data-with.html	Swift and Core Data: Saving Data with Thumbnail Previews		20141102
advanced	http://flexmonkey.blogspot.com/2014/11/london-swift-dev-commnity-talk-whistle.html	London Swift Dev Community Talk: Whistle Stop Swift		20141111
advanced	http://flexmonkey.blogspot.com/2014/11/updating-and-deleting-with-swift-and.html	Updating and Deleting with Swift and Core Data		20141112
tutorial	http://www.mav3r1ck.com/pan-gesture-recognizer	Pan Gesture Recognizer		20140907
tutorial	http://www.mav3r1ck.com/spritekit	SpriteKit with Swift		20140916
tutorial	http://www.mav3r1ck.com/arc4random	Arc4random		20140922
tutorial	http://www.mav3r1ck.com/epoch-converter	Epoch Converter		20141004
tutorial	http://www.mav3r1ck.com/user-location	User Location		20141011
tutorial	http://www.mav3r1ck.com/sounds-with-swift	Sounds with Swift		20141026
tutorial	http://www.mav3r1ck.com/push-notifications-with-swift	Push notifications with Swift		20141122
tutorial	http://www.mav3r1ck.com/swipe-gesture-recognizers	Swipe gesture recognizers		20141202
advanced	http://natashatherobot.com/swift-string-ranges-the-functional	Swift: Using String Ranges The Functional Way		20141203
advanced	http://natecook.com/blog/2014/08/set-type-follow-up	Set Type Follow-up		20140825
advanced	http://natecook.com/blog/2014/08/creating-a-set-type-in-swift	Creating a Set Type in Swift		20140820
advanced	http://natecook.com/blog/2014/07/c-style-typedef-enums-in-swift	C-Style 'typedef enum' in Swift		20140711
advanced	http://natecook.com/blog/2014/08/swifts-hidden-array-each-method	Swift's Hidden Array.each Method		20140826
advanced	http://natecook.com/blog/2014/08/generic-functions-for-incompatible-types	Generic Functions for Incompatible Types		20140829
tutorial	http://natecook.com/blog/2014/09/introducing-swifter	Introducing Swifter		20140905
advanced	http://natecook.com/blog/2014/09/slicing-for-speed	Slicing for Speed		20140917
advanced	http://nshipster.com/cmdevicemotion	CMDevice Motion		20141028
advanced	http://natecook.com/blog/2014/10/ternary-operators-in-swift	Custom Ternary Operators in Swift		20141029
tutorial	http://medium.com/swift-programming/learn-nsurlsession-using-swift-ebd80205f87c	Learn NSURLSession using Swift Part 1 - HTTP/HTTP GET		20141103
tutorial	http://medium.com/swift-programming/learn-nsurlsession-using-swift-part-2-background-download-863426842e21	Learn NSURLSession using Swift Part 2 — Background download		20141104
tutorial	http://medium.com/swift-programming/learn-nsurlsession-using-swift-part-3-upload-3a5be9a69950	Learn NSURLSession using Swift Part 3— Upload		20141106
advanced	http://medium.com/swift-programming/dynamic-layouts-in-swift-b56cf8049b08	Dynamic Layouts in Swift		20141107
advanced	http://medium.com/swift-programming/secret-of-swift-performance-a8ee86060843	Secret of Swift Performance: Part 1		20141119
advanced	http://medium.com/swift-programming/secret-of-swift-performance-fcc5d2a437a8	Secret of Swift Performance: Part 2		20141122
tutorial	http://shrikar.com/blog/2014/12/31/ios-app-design-using-xcode-6-and-interface-builder-yik-yak-clone-part-1	iOS App Design Using Xcode 6 and Interface Builder - Yik Yak Clone Part 1		20141231
tutorial	http://www.raywenderlich.com/85528/user-accounts-ios-ruby-rails-swift	User Accounts on iOS with Ruby on Rails and Swift		20150101
tutorial	http://ios-blog.co.uk/tutorials/connect-your-swift-application-to-parse-com	Connect your Swift Application to Parse.com		20141122
tutorial	http://ios-blog.co.uk/tutorials/swift-create-user-sign-up-based-app-with-parse-com-using-pfuser	Swift: Create user sign up based app with Parse.com using PFUser		20141123
tutorial	http://ios-blog.co.uk/tutorials/swift-create-a-login-app-with-parse-com-pfuser-keychain-locksmith	Swift: Create a login app with Parse.com PFUser & Keychain Locksmith		20141129
tutorial	http://ios-blog.co.uk/swift-tutorials/swift-enumerations	Swift: Enumerations		20141205
tutorial	http://ios-blog.co.uk/tutorials/swift-how-to-send-a-post-request-to-a-php-script	Swift: How to send a POST Request to a PHP Script		20141208
tutorial	http://ios-blog.co.uk/swift-tutorials/swift-nstimer-tutorial-lets-create-a-counter-application	Swift NSTimer Tutorial – Lets create a counter application		20141215
tutorial	http://ios-blog.co.uk/tutorials/swift-tuples	Swift: Tuples an introduction		20141216
tutorial	http://ios-blog.co.uk/tutorials/swift-type-annotations	Swift: Type Annotations		20141218
libs	http://github.com/MaddTheSane/SwiftMacTypes	SwiftAdditions: A Swift bridge for the data types in the MacTypes header.		20010101
tutorial	http://natashatherobot.com/unit-testing-optionals-in-swift-xctassertnotnil	Unit Testing Optionals In Swift: The XCTAssertNotNil Catch	#UnitTesting	20150101
tutorial	http://airspeedvelocity.net/2015/01/02/more-fun-with-implicitly-wrapped-non-optionals	More fun with implicitly wrapped non-optionals		20150102
tutorial	http://medium.com/@glenyi/coco-love-f6cd5a30f63e	CoCo Love: Building the 'hit' app in Swift. CAEmitterLayer, CAEmitterCell and lazy stored properties.	#CAEmitterLayer	20141230
advanced	http://www.javiersoto.me/post/106875422394	Functor and Monad in Swift	#functional	20150102
beginner	http://www.bloc.io/tutorials/swiftris-build-your-first-ios-game-with-swift#!/chapters/675	Swiftris: Tetris Clone in Swift		20010101
tutorial	http://ios-blog.co.uk/tutorials/quick-tip-implementing-uialertview-in-swift	Quick tip: Implementing UIAlertView in Swift		20140927
tutorial	http://www.shrikar.com/blog/2015/01/03/integrate-parse-with-swift-in-ios8-using-cocoapods	Integrate Parse With Swift in iOS8 Using CocoaPods		20150103
tutorial	http://www.shrikar.com/blog/2015/01/03/parse-backed-uitableview-in-ios-8-build-yik-yak-clone-part-2	Parse Backed UITableView in iOS 8 : Build Yik Yak Clone Part 2	#UITableView	20150103
tutorial	http://www.shrikar.com/blog/2015/01/08/using-uitableview-and-footerview-to-implement-commenting-system-building-yik-yak-clone-part-3	Using UITableView and FooterView to Implement Commenting System: Building Yik Yak Clone Part 3	#UITableView	20150108
tutorial	http://flexmonkey.blogspot.com/2015/01/phimagemanager-core-data-and-twitter.html	PHImageManager, Core Data and Twitter Integration in Swift		20150101
tutorial	http://flexmonkey.blogspot.com/2015/01/creating-phimagemanager-browserpicker.html	Creating a PHImageManager Browser/Picker in Swift		20150101
tutorial	http://ios-blog.co.uk/tutorials/how-to-create-an-objective-c-bridging-header	How to create an Objective-C Bridging header		20150108
tutorial	http://www.ioscreator.com/tutorials/scene-kit-primitives-tutorial-swift	Scene Kit - Primitives Tutorial with Swift	#SceneKit	20150105
tutorial	http://www.ioscreator.com/tutorials/reordering-rows-table-view-ios8-swift	Reordering Rows from Table View in iOS8 with Swift	#UITableView	20150106
tutorial	http://www.ioscreator.com/tutorials/airprint-tutorial-ios8-swift	AirPrint Tutorial in iOS8 with Swift		20150108
tutorial	http://natashatherobot.com/mutating-functions-swift-structs	Mutating Functions in Swift Structs		20150107
tutorial	http://www.raywenderlich.com/79149/grand-central-dispatch-tutorial-swift-part-1	Grand Central Dispatch Tutorial for Swift: Part 1/2		20150107
tutorial	http://www.raywenderlich.com/79150/grand-central-dispatch-tutorial-swift-part-2	Grand Central Dispatch Tutorial for Swift: Part 2/2		20150107
tutorial	http://www.raywenderlich.com/85515/liquidfun-tutorial-1	LiquidFun Tutorial with Metal and Swift – Part 1	#metal	20150106
tutorial	http://www.raywenderlich.com/90592/liquidfun-tutorial-2	LiquidFun Tutorial with Metal and Swift – Part 2	#metal	20150108
tutorial	http://medium.com/swift-programming/finding-closure-d5e14c939c84	Finding closure: Using closures in Swift		20150105
tutorial	http://www.raywenderlich.com/93104/video-tutorial-swift-scroll-view-school-part-0-introduction	Video Tutorial: Swift Scroll View School Part 0: Introduction		20150105
tutorial	http://natashatherobot.com/unit-testing-swift-dependency-injection	Unit Testing in Swift: Dependency Injection		20150102
tutorial	http://natashatherobot.com/functional-swift-tail-recursion	Functional Swift: Tail Recursion Explained	#functional	20150102
tutorial	http://natashatherobot.com/unit-testing-in-swift-a-quick-look-at-quick	Unit Testing in Swift: A Quick Look at Quick		20150105
tutorial	http://jamesonquave.com/blog/core-animation-swift-tutorial-animatable-properties	Core Animation Swift Tutorial – Animatable Properties	#CoreAnimation	20150106
tutorial	http://peterwitham.com/swift/intermediate/alert-with-user-entry	Display an Alert with Text Field Entry		20150106
beginner	http://www.codingexplorer.com/hello-world-first-ios-app-swift	Hello World! Your first iOS App in Swift		20150106
tutorial	http://randexdev.com/2014/08/uicollectionviewcell	How to create custom cells for UICollectionView using Swift		20140830
advanced	http://realm.io/news/3d-graphics-metal-swift	An Introduction to 3D Graphics with Metal in Swift	#metal:#video	20150107
tutorial	http://www.youtube.com/watch?v=BCL1ZGUX_qs	Swift Programming: 2048 App Tutorial! Part 1	#video	20141217
tutorial	http://www.youtube.com/watch?v=dM9KtxyUSsU	Swift Programming: 2048 App Tutorial! Part 2	#video	20150106
tutorial	http://www.youtube.com/watch?v=snBBeOVhuZQ	Swift Programming: 2048 App Tutorial! Part 3	#video	20150110
tutorial	http://www.youtube.com/watch?v=eCGBHuMOW44	Swift Programming: 2048 App Tutorial! Part 4	#video	20150227
tutorial	http://www.mav3r1ck.com/uibezierpath	UIBezierPath	#UIBezierPath	20150110
tutorial	http://flexmonkey.blogspot.com/2015/01/sound-synthesis-in-swift-revisited-with.html	Sound Synthesis in Swift Revisited with AudioKit	#AudioKit	20150111
libs	http://github.com/ArtSabintsev/Siren	Notify users when a new version of your iOS app is available		20010101
sites	http://swiftlang.eu	SwiftLang.eu		20010101
advanced	http://gilesvangruisen.com/writing-a-pipeline-operator-in-swift	Writing a pipeline operator in Swift		20141228
tutorial	http://gilesvangruisen.com/all-about-table-views	All about table views		20141105
libs	http://github.com/davecom/SwiftGraph	SwiftGraph:  A Graph Data Structure		20010101
advanced	http://meghagulati.com/2015/01/04/integrating-stripe-in-swift-with-custom-view	Integrating Stripe in Swift with Custom View		20150104
advanced	http://www.russbishop.net/swift-associated-types	Swift: Associated Types		20150105
tutorial	http://www.russbishop.net/swift-and-uitableviewcontroller	Swift: Strange tales of initialization		20141117
advanced	http://www.russbishop.net/swift-respondstoselector	Swift: respondsToSelector?		20141019
advanced	http://www.russbishop.net/swift-and-objc-gotcha	Swift and ObjC: Gotcha!		20141116
advanced	http://www.russbishop.net/swift-function-currying	Swift Function Currying	#functional	20140811
advanced	http://www.russbishop.net/swift-implicit-pointers	Swift: Implicit Pointers		20140714
advanced	http://www.russbishop.net/swift-let-s-query-dns	Swift: Let's Query DNS		20140719
advanced	http://www.fewbutripe.com/swift/math/2015/01/06/proof-in-functions.html	Proof in Functions	#functional	20150105
advanced	http://www.ioscreator.com/tutorials/uikit-dynamics-collision-detection-ios8-swift	UIKit Dynamics - Collision Detection in iOS8 with Swift		20150113
tutorial	http://www.codingexplorer.com/segue-swift-view-controllers	Segue between Swift View Controllers		20150113
advanced	http://www.ioscreator.com/tutorials/dynamic-types-tutorial-ios8-swift	Dynamic Types Tutorial in iOS8 with Swift		20150115
advanced	http://vperi.com/2014/06/06/discriminated-unions-in-swift	discriminated unions		20140606
advanced	http://vperi.com/2014/06/08/regular-expressions-in-switch-statements	regular expressions in switch statements		20140608
advanced	http://vperi.com/2014/06/07/list-traversal-with-discriminated-unions-in-swift	list traversal with discriminated unions		20140607
advanced	http://vperi.com/2014/06/05/function-composition-pipelining-in-swift	function composition & pipelining operators		20140605
advanced	http://vperi.com/2014/06/05/spaceship-operator-in-swift	spaceship operator		20140605
advanced	http://vperi.com/2014/06/04/slicing-arrays-in-swift	slicing arrays		20140604
advanced	http://vperi.com/2014/06/05/singleton-pattern-in-swift	singleton pattern		20140605
advanced	http://vperi.com/2014/06/05/null-coalescing-operator-elvis-in-swift	null coalescing operator (elvis)		20140605
advanced	http://vperi.com/2014/06/17/swift-builders	swift builders		20140617
tutorial	http://www.codingexplorer.com/create-uicolor-swift	How to Create a UIColor in Swift		20150115
advanced	http://chris.eidhof.nl/posts/functional-view-controllers.html	Functional View Controllers		20150113
advanced	http://chris.eidhof.nl/posts/repmin-in-swift.html	Repmin in Swift: Combining Tree Traversals		20150110
advanced	http://flexmonkey.blogspot.co.uk/2015/01/the-sound-of-pendulum-waves-with-swift.html	The Sound of Pendulum Waves with Swift and AudioKit		20150115
tutorial	http://www.globalnerdy.com/2015/01/15/a-very-brief-introduction-to-date-formatting-in-ios	A very brief introduction to date formatting in Swift and iOS		20150115
advanced	http://owensd.io/2015/01/14/compiling-swift-without-xcode.html	Compiling Swift Without Xcode		20150114
tutorial	http://code.tutsplus.com/tutorials/swift-from-scratch-optionals-and-control-flow--cms-22874	Swift from Scratch: Optionals and Control Flow		20150102
advanced	http://www.shrikar.com/blog/2015/01/15/sensoro-ibeacon-discovery-in-ios-8-and-swift	Sensoro iBeacon Discovery in iOS 8 and Swift		20150115
advanced	http://schani.wordpress.com/2014/06/06/generators-in-swift	Generators in Swift	#functional	20140606
advanced	http://schani.wordpress.com/2014/06/11/associated-types-considered-weird	Associated Types Considered Weird	#functional	20140612
advanced	http://robots.thoughtbot.com/swift-sequences	Swift Sequences		20140611
advanced	http://robots.thoughtbot.com/input-accessorizing-uiviewcontroller	Input Accessorizing with UIViewController		20141126
advanced	http://robots.thoughtbot.com/functional-swift-for-dealing-with-optional-values	Functional Swift for Dealing with Optional Values	#functional	20141015
advanced	http://robots.thoughtbot.com/parsing-embedded-json-and-arrays-in-swift	Parsing Embedded JSON and Arrays in Swift		20140929
advanced	http://natashatherobot.com/swift-conform-to-sequence-protocol	How To Conform to the Sequence Protocol		20140722
advanced	http://natashatherobot.com/swift-init-with-_	Init with _		20140724
advanced	http://natashatherobot.com/swift-array-iteration-with-index	Array Iteration with Index		20140725
tutorial	http://natashatherobot.com/swift-enums-unwrap	Swift Enums: Don’t Forget to Unwrap!		20140727
tutorial	http://natashatherobot.com/swift-unwrap-multiple-optionals	Unwrapping Multiple Optionals		20140801
tutorial	http://natashatherobot.com/swift-iboutlets-private	Don’t Forget To Keep Your IBOutlets Private!		20140810
tutorial	http://natashatherobot.com/swift-default-parameter-values	Why You Should Love Default Parameter Values		20140810
tutorial	http://natashatherobot.com/swift-manipulating-constant-objects	Manipulating Constant Objects		20140822
tutorial	http://natashatherobot.com/swift-unit-testing-tips-and-tricks	Unit Testing Tips and Tricks		20140827
tutorial	http://natashatherobot.com/swift-mvvm-optionals	Using MVVM To Work With Optionals		20140914
tutorial	http://natashatherobot.com/ios8-where-to-remove-observer-for-nsnotification-in-swift	iOS8: Where To Remove Observer for NSNotification in Swift		20140914
tutorial	http://natashatherobot.com/navigation-bar-interactions-ios8	Don’t Miss These Navigation Bar Interactions in iOS8		20140915
tutorial	http://natashatherobot.com/ios-change-uitableviewcell-selection-color-app-wide	iOS: How to Change UITableViewCell’s Selection Color App Wide		20140916
tutorial	http://natashatherobot.com/swift-access-controls-avoid-private-keyword-repetition	Swift Access Controls: How To Avoid The ‘Private’ Keyword Repetition		20140920
tutorial	http://natashatherobot.com/swift-string-substringinrange	How To Find A Substring In Range of a Swift String		20141017
tutorial	http://natashatherobot.com/swift-failable-enums-with-optionals	Failable Enums with Optionals		20141025
tutorial	http://natashatherobot.com/locale-playground-swift	How To Test Locale In Your Playground in Swift		20141019
tutorial	http://natashatherobot.com/swift-trailing-closure-syntax	The Problem with Trailing Closure Syntax		20141031
beginner	http://www.appdesignvault.com/xcode-swift-tutorial-dribbble	How to Create A Dribbble Client from Scratch	#video	20150115
tutorial	http://making.duolingo.com/real-world-swift	Real World Swift		20150107
advanced	http://flexmonkey.blogspot.com/2015/01/computing-particle-systems-in-swift.html	Computing Particle Systems in Swift with Metal Kernel Functions		20150117
advanced	http://flexmonkey.blogspot.com/2015/01/1000000-particles-on-ipad.html	1,000,000 Particles on an iPad		20150119
advanced	http://flexmonkey.blogspot.com/2015/01/two-million-particles-at-25-frames-per.html	Two Million Particles at 25 Frames Per Second on an iPad		20150124
advanced	http://www.knowstack.com/swift-concurrency-nsoperation-nsoperationqueue	Creating NSBlockOperations & Operation Queue		20150121
tutorial	http://www.ioscreator.com/tutorials/screen-edge-pan-gesture-tutorial-ios8-swift	Screen Edge Pan Gesture Tutorial in iOS8 with Swift		20150119
tutorial	http://www.ioscreator.com/tutorials/add-event-calendar-tutorial-ios8-swift	Add Event to Calendar Tutorial in iOS8 with Swift		20150120
tutorial	http://www.ioscreator.com/tutorials/take-photo-tutorial-ios8-swift	Take Photo Tutorial in iOS8 with Swift		20150121
tutorial	http://www.ioscreator.com/tutorials/scroll-view-tutorial-ios8-swift	Scroll View Tutorial in iOS8 with Swift		20150122
tutorial	http://peterwitham.com/swift/intermediate/uipickerview-getting-started	UIPickerView – Getting Started		20150122
tutorial	http://www.russbishop.net/swift-capture-lists	Swift Quickie: Capture Lists	#functional	20150119
tutorial	http://www.shrikar.com/blog/2015/01/17/ios-swift-tutorial-uipageviewcontroller-as-user-onboarding-tool	iOS Swift Tutorial: UIPageViewController as User Onboarding Tool		20150117
tutorial	http://www.shrikar.com/blog/2015/01/17/uitableview-and-uitableviewcell-customization-in-swift	UITableView and UITableViewCell Customization in Swift		20150117
tutorial	http://www.shrikar.com/blog/2015/01/24/implementing-barcode-scanning-in-ios8-with-swift	AVFoundation : Implementing Barcode Scanning in iOS8 With Swift		20150124
tutorial	http://developer.apple.com/swift/blog/?id=20	Redefining Everything with the Swift REPL		20150123
tutorial	http://www.raywenderlich.com/86205/nsregularexpression-swift-tutorial	NSRegularExpression in Swift Tutorial		20150121
advanced	http://codeplease.io/monads	Monads	#functional	20150118
advanced	http://optshiftk.com/2015/01/choosing-the-best-expression/	Choosing the Best Expression		20150111
libs	http://github.com/SwiftyJSON/SwiftyJSON	SwiftyJSON		20010101
tutorial	http://radex.io/swift/nsuserdefaults	Swifty APIs: NSUserDefaults		20150121
tutorial	http://www.thinkandbuild.it/implementing-the-twitter-ios-app-ui	Implementing the Twitter iOS App UI		20150121
tutorial	http://www.raywenderlich.com/90488/calayer-in-ios-with-swift-10-examples	CALayer in iOS with Swift: 10 Examples	#CALayer	20150127
tutorial	http://www.ioscreator.com/tutorials/scenes-tutorial-spritekit-swift	Scenes Tutorial in SpriteKit with Swift	#SpriteKit	20150127
tutorial	http://peterwitham.com/swift/basics/access-control	Swift Access Control – Private, Public and Internal		20150127
advanced	http://metalbyexample.com/translucency-and-transparency	Translucency and Transparency in Metal	#metal	20150126
tutorial	http://www.codingexplorer.com/getting-started-uitableview-swift	Getting Started With UITableView in Swift	#UITableView	20150126
advanced	http://nshipster.com/swift-objc-runtime	Swift & the Objective-C Runtime		20150126
advanced	http://gilesvangruisen.com/mvvm-swift	Model-View-ViewModel with Swift		20150125
advanced	http://flexmonkey.blogspot.com/2015/01/a-simple-scenekit-material-editor-in.html	A Simple SceneKit Material Editor in Swift		20150125
advanced	http://www.thinkandbuild.it/building-a-custom-and-designabl-control-in-swift	How to build a custom (and ''designable'') control in Swift		20141118
advanced	http://www.thinkandbuild.it/building-custom-ui-element-with-ibdesignable	Building custom UI Elements with IBDesignable		20140908
libs	http://github.com/radex/SwiftyUserDefaults	SwiftyUserDefaults		20010101
advanced	http://mikeash.com/pyblog/friday-qa-2015-01-23-lets-build-swift-notifications.html	Let's Build Swift Notifications 		20150123
libs	http://github.com/KyoheiG3/SimpleAlert	SimpleAlert		20010101
libs	http://github.com/hamin/EventSource.Swift	EventSource.Swift		20010101
libs	http://github.com/schwa/SwiftGraphics	SwiftGraphics		20010101
libs	http://github.com/lidori/fallingLetters	Falling Letters Swift Animation		20010101
libs	http://github.com/hamin/FayeSwift	Swift Client Library for the Faye Pub-Sub messaging server		20010101
beginner	http://www.firebase.com/blog/2015-01-23-video-walkthrough-swift-fundamentals.html?video	A Video Walkthrough of Swift Fundamentals	#video	20150123
sites	http://github.com/matteocrippa/awesome-swift	Awesome Swift		20010101
advanced	http://flexmonkey.blogspot.com/2015/01/functional-vs-imperative-creating.html	Functional vs Imperative: Creating a Multiline UISegmentedControl in Swift		20150127
advanced	http://blog.segiddins.me/2015/01/25/dynamic-casting-in-swift	Dynamic Casting in Swift		20150125
advanced	http://prolificinteractive.com/blog/2015/01/26/tutorial-introduction-touchid-swift	Use Touch ID in Your Swift App		20150126
advanced	http://austinzheng.com/2015/01/24/swift-seq	Sequences and Generators	#functional	20150124
advanced	http://jspha.com/posts/calkin-wilf-in-swift	Calkin-Wilf in Swift	#functional	20140727
tutorial	http://shrikar.com/blog/2014/10/12/ios8-cloudkit-tutorial-part-1	IOS8 Cloudkit Tutorial - Part 1	#cloudkit	20141012
tutorial	http://shrikar.com/blog/2014/10/15/ios8-cloudkit-tutorial-part-2	IOS8 Cloudkit Tutorial - Part 2	#cloudkit	20141015
tutorial	http://www.scottlogic.com/blog/2015/01/27/swift-exception-handling.html	Exception Handling in Swift 		20150126
tutorial	http://www.raywenderlich.com/87231/make-game-like-mega-jump-sprite-kit-swift-part-1	How to Make a Game Like Mega Jump With Sprite Kit and Swift: Part 1/2	#SpriteKit	20150128
tutorial	http://www.raywenderlich.com/87232/make-game-like-mega-jump-sprite-kit-swift-part-2	How to Make a Game Like Mega Jump With Sprite Kit and Swift: Part 2/2	#SpriteKit	20150128
tutorial	http://www.weheartswift.com/swift-programming-scratch-application-demo	Swift Programming from Scratch Application Demo 		20150128
tutorial	http://www.codingexplorer.com/how-to-dismiss-uitextfields-keyboard-in-your-swift-app	How to Dismiss UITextField’s Keyboard in your Swift App		20150128
tutorial	http://www.ioscreator.com/tutorials/local-notification-tutorial-ios8-swift	Local Notification Tutorial in iOS8 with Swift		20150129
tutorial	http://www.raywenderlich.com/87975/dynamic-table-view-cell-height-ios-8-swift	Dynamic Table View Cell Height in iOS 8 and Swift	#UITableCell	20150129
advanced	http://flexmonkey.blogspot.com/2015/02/swarm-chemistry-creating-advanced-gpu.html	Swarm Chemistry: Creating an Advanced GPU Based Particle System with Metal	#metal	20150202
tutorial	http://shrikar.com/blog/2015/02/01/xcode-6-tutorial-designing-the-ios-app-layout-for-barcode-inventory-app	Xcode 6 Tutorial: Designing the iOS App Layout for Barcode Inventory App		20150201
tutorial	http://www.ioscreator.com/tutorials/move-view-behind-keyboard-ios8-swift	Move View Behind Keyboard in iOS8 With Swift		20150202
libs	http://github.com/MengTo/Spring	A library to simplify iOS animations in Swift		20010101
advanced	http://owensd.io/2015/01/29/swift-resistance.html	Swift Resistance		20150129
advanced	http://owensd.io/2015/02/01/the-optimization-game.html	The Optimization Game		20150201
advanced	http://owensd.io/2015/01/31/swift-resistance-explored.html	Swift Resistance Explored		20150131
advanced	http://blog.human-friendly.com/overcoming-swift-resistance-explored	Overcoming Swift Resistance Explored		20150131
libs	http://github.com/AlwaysRightInstitute/SwiftSockets	A simple GCD based socket wrapper for Swift. 		20010101
libs	http://github.com/vandadnp/iOS-8-Swift-Programming-Cookbook	GitHub repository of O'Reilly's iOS 8 Swift Programming Cookbook		20010101
advanced	http://realm.io/news/chris-eidhof-micro-libraries-swift	Tiny Networking: Building Micro-Libraries in Swift	#video	20150128
tutorial	http://www.youtube.com/user/SkipCasts/playlists	SkipCasts	#video	20010101
